Carrier,Average FlightDelayMin
Logstash Airways,48.27037773359841
JetBeats,45.814070351758794
Kibana Airlines,45.96160438806994
ES-Air,47.24120082815735
