Carrier,Average FlightDelayMin
Logstash Airways,48.71335504885994
JetBeats,45.786830357142854
Kibana Airlines,45.59394844975719
ES-Air,47.60844964164466
